exam_id,page_id,question_id,question_type,question_text,answer_type,canonical_answer,max_score
exam_1,2,1,text,What is the pKa of a sp hybridized carbon atom? a) 25 b) 35 c) 45 d) 50,single_choice,a,1
exam_1,2,2,text,a) Choose the letter of the molecule with the lowest barrier to rotation (or ring-flip). b) Choose the letter of the molecule with the highest barrier to rotation (or ring-flip). a)ethane b) propane c) butane d) cyclohexane,multiple_choice,a; d,2
exam_1,2,3,multimodal,"Rank the following substitutents in order of priority (1 = highest priority). C=C[*] {number_box_1}, N#C[*] {number_box_2}, NC[*] {number_box_3}, BrC[*] {number_box_4}",ordering,4; 2; 3; 1,2
exam_1,2,4,text,"If a chiral molecule has an absolute configuration of R, wich direction does it rotate the plane of polarized light? a) clockwise (dextroratory) b) counterclockwise (levarotatory) c) it doesn’t rotate the plane of polarized light d) can’t be determined from the information given",single_choice,d,1
exam_1,3,5,multimodal,a) Enter the pKa value for each acid in the boxes below. b) Indicate whether the reactants or products will be favored at equilibrium by selecting the appropriate set of equilibrium arrows. OC1=CC=CC=C1 {box_for_pKa_1} + [OH-] {arrow_right_1} or {arrow_left_1} [O-]C1=CC=CC=C1 + O {box_for_pKa_2}. CC([O-])=O + C[NH3+] {box_for_pKa_3} {arrow_right_2} or {arrow_left_2} CC(O)=O {box_for_pKa_4}  + CN,text,"a) {box_for_pKa_1}:= 8-11; {box_for_pKa_2}:= 15.7; {box_for_pKa_3}:= 10-11; {box_for_pKa_4}:= 3-4, b) {arrow_right_1}; {arrow_left_2}",6
exam_1,3,6,multimodal,a) Provide structures in the boxes to complete the following acid-base (proton-transfer) reactions in SMILES format. b) Indicate whether the reactants or products will be favored at equilibrium by selecting the appropriate set of equilibrium arrows. CC=N + CC[NH3+] {arrow_right_1} or {arrow_left_1} {structure_box_1} + {sructure_box_2}. O=C(O)C(F)(F)F + {sructure_box_3} {arrow_right_2} or {arrow_left_2} {sructure_box_4} + O=C(O)C,structure,"a) {structure_box_1}:= CC=[NH2+], {structure_box_2}:= CCN, {structure_box_3}:= O=C([O-])C, {structure_box_4}:= O=C([O-])C(F)(F)F, b) {arrow_left_1}; {arrow_right_2}",10
exam_1,4,7,multimodal,"Rank the following sets of molecules in order of acidity (1 = most acidic). a) C([H])NC {number_box_1},CS[H] {number_box_2}, C[H]PC {number_box_3}, [H]Cl {number_box_4}, CC(C)([H])C {number_box_5}; b) C/C(S)=[O+]\[H] {number_box_6}, C/C(S)=[S+]\[H] {number_box_7}, C/C(N)=[O+]\[H] {number_box_8}, C/C(C)=[O+]\[H] {number_box_9}, C/C(O)=[O+]\[H] {number_box_10}.",ordering,"a) 4; 2; 3; 1; 5, b)3; 1; 5; 2; 4.",10
exam_1,5,8,multimodal,"Met-enkephalin, an endorphin, serves as a natural pain reliever that changes or
removes the perception of nerve signals. Label all of the functional groups present in Met-
enkephalin. CSCC[C@@H](C(=O)O)NC(=O)[C@@H](CC1=CC=CC=C1)NC(=O)CNC(=O)CNC(=O)[C@@H](CC2=CC=C(C=C2)O)N",text,Phenol; amine; amide; arene; carboxylic acid; sulfide,6
exam_1,5,9,multimodal,"Name the following molecules. CCC(C)C(C(C)C)C(C)C(C)CC, Br[C@@H]1CC[C@H](C(C)(C)C)CCC1",text,"4-isopropyl-3,5,6-trimethyloctane, (1S,4R)-1-bromo-4-(tert-butyl)cycloheptane",4
exam_1,6,10,multimodal,"a) Identify the four major resonance contributors for the molecule shown in the first box. Provide all structures in SMILES format. Do not generate any additional charges. 
1) O=C(/C(C1=C/C(CCC1)=N/C)=C/[O-])C2CCCC2, 
2) {structure_box_2}, 
3) {structure_box_3}, 
4) {structure_box_4}, 
5) {structure_box_5}.
b) Select three structures that contribute the most to the resonance hybrid.",structure,"a) {structure_box_2}:= O=C([C-](C=O)C1=C/C(CCC1)=N/C)C2=CCCC2; {structure_box_3}:= O=C(/C(C=O)=C1[CH-]/C(CCC/1)=N/C)C2=CCCC2; {structure_box_4}:= [O-]/C(C1=CCCC1)=C(C=O)\C2=C/C(CCC2)=N/C; {structure_box_5}:= O=C(/C(C=O)=C1C=C([N-]C)CCC/1)C2=CCCC2, b) 1; 4; 5",16
exam_1,7,11,skip,,,,
exam_1,8,12,skip,,,,
exam_1,9,13,multimodal,"a) Label each molecule as chiral (C), achiral (A), or achiral/meso (M). b) Designate each chirality center as R or S. 1) CC1C2CCC1CC2, 2) NC[C@@](Br)([H])[C@@](C#N)([H])O, 3) C[C@](O)([H])[C@](O)([H])C",multiple_choice,"a) 1) A; 2) C; 3) M, b) 1) none; 2) S, S; 3) R, S",9
exam_1,9,14,multimodal,"Indicate the relationships between the two molecules аз enantiomers (E), diastereomers (D), or same molecule (S). 1) O[C@H]1C[C@H](O)CC1 and O[C@@H]1C[C@@H](O)CC1 . 2) C[C@@](O)([H])[C@@](Br)([H])CO and Br[C@](CO)([H])[C@]([H])(O)C . 3) O[C@]([H])(CC)[C@@](Br)(C)[H] and C[C@H](Br)[C@@H](O)CC .",multiple_choice,1) E; 2) E; 3) D,9
exam_1,10,15,text,"One of the steps in fat biosynthesis is the hydration of crotonate to yield 3-hydroxybutyrate. 
The reaction occurs by addition of −OH to the si face at C3, followed by protonation at C2, also from the si face.

a) Provide the stereochemically correct SMILES representation of the product {structure_box_1}.  
b) Determine whether carbon C3 has R or S configuration {box_2}.",structure,a) C[C@H](O)CC([O-])=O; b) S,4
exam_2,2,1,multimodal,"Rank the following carbocations т order of stability (1 = most stable). CC1CC2CCC=C[C+]2C=C1 {box_1}, CC1=CC2=C[CH+]C(C)CC2CC1 {box_2}, CC1=CCC2[C+](C1C)CC=CC2 {box_3}, CC1[CH+]C2CCC=CC2CC1 {box_4}.",ordering,{box_1}=2; {box_2}=1; {box_3}=3; {box_4}=4,4
exam_2,2,2,multimodal,"Rank the following alkenes according to energy (1 = lowest energy). C/C(CC)=C1CCCCC/1 {box_1}, CC(C=C)C1CCCCC1 {box_2}, CC(CC)C1CCCC=C1 {box_3}, CC(CC)C1=CCCCC1 {box_4}.",ordering,{box_1}=1; {box_2}=4; {box_3}=3; {box_4}=2,4
exam_2,3,3,multimodal,"For each of the following reactions provide the product of each reaction: a) C#[C-] + CC/C=[O+]/C = {structure_box_1}, b) C[C+](C)CCC=C = {structure_box_2}.",structure,a) {structure_box_1}=CCC(C#C)OC; b) {structure_box_2}=CC1(C)C[CH+]CC1.,2
exam_2,4,4,skip,,,,0
exam_2,5,5,multimodal,"Determine the product(s) of each reaction in SMILES format. Ignore stereochemistry. a) C=C1CC=CC/C1=C2CCCC/2 + 1) O3; 2) DMS = {product_box_1}, b) C#CCC1=CC=CC=C1 + HgSO4 + H2SO4 + H2O = {product_box_2}.",full_synthesis,{product_box_1}=O=CCC(C(CC=O)=O)=O + O=C1CCCC1 + C=O; {product_box_2}=CC(CC1=CC=CC=C1)=O,8
exam_2,5,6,multimodal,"Provide products in SMILES format for the following reactions (include all stereoisomers).
Indicate if the products are achiral/optically inactive (A) racemic/optically inactive (R),
meso/optically inactive (M) ог chiral/optically active (C). a) CC/C(C)=C/CC + 1) Hg(OAc)2, MeOH, 2) NaBH4 = {structure_box_1} + {structure_box_2}, {iso_box_1}, b) CC/C=C(C[C@@H](C)CC)\C + mCPBA = {structure_box_3} + {structure_box_4}, {iso_box_2}",full_synthesis,"a) {structure_box_1}=[H]C(CC)([H])[C@](C)(CC)OC; {structure_box_2}=[H]C(CC)([H])[C@](C)(CC)OC; {iso_box_1}=R, b) {structure_box_3}=C[C@]1(C[C@H](CC)C)[C@@](CC)([H])O1; {structure_box_4}=C[C@](C[C@H](CC)C)(O1)[C@@]1([H])CC; {iso_box_1}=C",8
exam_2,6,7,multimodal,"Provide the major product of each reaction in SMILES format. Include stereochemistry. a) CC1(C)[C@@H]2CC[C@H]1C=C2C + Br2 + H2O = {structure_box_1} , b) C=C1CCC[C@H]1C + H2, Pd/C = {structure_box_2} , c) CC1=CC[C@H](C(C)(C)C)CC1 + 1) BF3, THF, 2) H2O2, NaOH = {structure_box_3}.",full_synthesis,{structure_box_1}=CC1(C)[C@H]2[C@](O)(C)[C@]([H])(Br)[C@@H]1CC2; {structure_box_2}=C[C@H]1CCC[C@H]1C; {structure_box_3}=C[C@@H]1CC[C@@H](C(C)(C)C)C[C@H]1O,12
exam_2,7,8,multimodal,"Provide an appropriate alkyne starting material, reagents and initial product for the
reaction in the boxes provided. The number of carbon atoms in the starting material should
equal the number of carbon atoms in the final product. {structure_box_1} + {reagents_box_1} = {structure_box_2} + [no raegent nesessary for this equilibrium step] = O=CCC1CCCC1.",full_synthesis,"{structure_box_1}=C#CC1CCCC1; {reagents_box_2}=1) BR2H, THF, 2) H2O2, NaOH; {structure_box_2}=O/C=C/C1CCCC1",6
exam_2,7,9,multimodal,Provide the missing reagents above each reaction arrow аnd the final product. CCC#CC + {reagent_box_1} = CC/C=C/C + {reagent_box_2} = {product_box},full_synthesis,"{reagent_box_1}=Na, NH3; {reagent_box_2}=1) OsO4, 2) NaHSO3, H2O; {product_box}=CCC=O + CC=O",6
exam_2,7,10,multimodal,Provide an alkyne starting material and all necessary reagents to complete the following 2-step reaction. {structure_box_1} + {reagent_box_1} = {structure_box_2} + {reagent_box_2} = C[C@H]1C[C@H]1CC.,full_synthesis,"{structure_box_1}=CC#CCC; {reagent_box_2}=H2, Lindlar's catalyst; {structure_box_2}=C/C=C\CC; {reagent_box_2}=CH2I2, Zn(Cu)",8
exam_2,8,11,skip,,,,0
exam_2,9,12,skip,,,,0
exam_2,10,13,skip,,,,0
exam_3,2,1,multimodal,"a) Rank in order оf SN2 reactivity (1= most reactive) IC1=CC=CC=C1 {box_1}, ICC1=CC=CC=C1 {box_2}, IC(C)(C)C {box_3}, ICC(C)C {box_4}. b) Rаnk in order of leaving group ability NH2- {box_5}, H2O {box_6}, Cl- {box_7}, I-  {box_8}.c) Rank in order of nucleophilicity (1= best nucleophile) (1= best leaving group) [S-]CC1=CC=CC=C1 {box_9}, [O-]CC1=CC=CC=C1 {box_10}, OCC1=CC=CC=C1 {box_11}, O=C([O-])C1=CC=CC=C1 {box_12}. d) Rank in order of alkene stability (1= most stable) C/C(C)=C/CC {box_13}, CC(C)CC=C {box_14}, CC(C)/C=C/C {box_15}, CC(C)/C=C\C {box_16}. e) Rank in order of radical stability (1= most stable) C1CC[C]C1 {box_17}, C[C]1CCCC1 {box_18}, C=C[C]C1CCCC1 {box_19}, C=C[C]1CCCC1 {box_20}. ",ordering,"a) {box_1}=4; {box_2}=1; {box_3}=3; {box_4}=2, b) {box_5}=4; {box_6}=1; {box_7}=3; {box_8}=2, c) {box_9}=1; {box_10}=2; {box_11}=4; {box_12}=3, d) {box_13}=1; {box_14}=4; {box_15}=2; {box_16}=3, e) {box_17}=4; {box_18}=3; {box_19}=2; {box_20}=1.",10
exam_3,2,1.1,text,"Select the best solvent for аn SN2 reaction: acetone, methanol.",single_choice,acetone,2
exam_3,3,2,multimodal,"Determine the structures of the products of the following reactions. Indicate stereochemistry where appropriate. If there is no reaction, write “NR”. a) Br[C@@]1(C2)CC[C@H]2[C@H](Br)C1 + NaCN, DMF = {box_1}, b) C[C@H]1[C@H](I)CCC1 + NaN3, DMF = {box_2}, c) COCCl + H2O = {box_3}, d) CCCCl + H2O = {box_4}, e) ClC1(C)CCCCC1 + t-BuOK, t-BuOH = {box_5}.",structure,{box_1}=Br[C@@]1(C2)CC[C@H]2[C@@H](C#N)C1; {box_2}=C[C@H]1[C@@H](N=[N+]=[N-])CCC1; {box_3}=COCO; {box_4}=NR; {box_5}=C=C1CCCCC1,15
exam_3,4,3,multimodal,"Determine the structure of the starting materials for the following reactions. a) {box_1} + SOCl2 = CCCCl, b) {box_2} + HBr = CC(C)(Br)C, c) {box_3} + NBS, hv = BrC1C=CCCC1",structure,{box_1}=CCCCO; {box_2}=CC(C)(O)C or CC(C)=C; {box_3}=C1CCC=CC1,9
exam_3,4,4,skip,,,,2
exam_3,5,5,multimodal,"Determine the structures of A and B. C1CCCCC1 + Br2, hv = {box_A}, {box_A} + NaCN, DMF = {box_B}.",full_synthesis,{box_A}=BrC1CCCCC1; {box_b}=N#CC1CCCCC1,4
exam_3,5,6,multimodal,"Determine thе structures of the starting materials аnd reagents (A, B, C) needed to synthesize the given product. {box_A} + Mg, ether = {box_B}, {box_B} + 1) {box_C}, 2) H2O = CC(O)CCC",full_synthesis,"{box_A}=CCCBr; {box_B}=CCC[Mg]Br; {box_C}=CC=O or {box_A}=CBr, {box_B}=C[Mg]Br; {box_C}=CCCC=O",6
exam_3,6,7,multimodal,"Provide the synthesis of the following product in two steps from methylcyclopentane by determining the structures of A, В, С. CC1CCCC1 + {box_A} = {box_B}, {box_B} + {box_C} = CC1=CCCC1.",full_synthesis,"{box_A}=Br2, hv; {box_B}=CC1(Br)CCCC1, {box_C}=t-BuOK",6
exam_3,6,8,multimodal,"Provide the synthesis of the following product in two steps by determining the
structures of the starting materials аnd reagents (A, B, С, D) for the following reaction.
Hint: Ais an alkyne. {box_A} + {box_B} = {box_C}, {box_C} + {box_D} = CCC#C.",full_synthesis,"{box_A}=C#C, hv; {box_B}=NaNH2, {box_C}=C#[C-], {box_D}=CCI",8
exam_3,7,9,multimodal,"Determine the MAJOR elimination product for the following reactions. Specify correct stereochemistry where appropriate. a) C[C@H]1[C@H](I)CCCC1 + t-BuOK, t-BuOH = {box_1}, b) CC(C)[C@H](C)[C@H](Br)CC + EtONa, EtOH = {box_2}.",,{box_1}=C[C@H]1C=CCCC1; {box_2}=C/C(C(C)C)=C/CC;,5
exam_3,8,10,skip,,,,10
exam_3,9,11,multimodal,"Choose the reaction that is more regioselective. a) 1) CCCC + Br2, hv; 2) CCCC + Cl2, hv; b) C=CCC + NBS, hv; 2) C1CCC=C1 + NBS, hv",single_choice,a) 1; b) 2,4
exam_3,10,12,multimodal,Choose the heterocycles that are aromatic. a) CC1=CC=[NH+]C=C1; b) C1=CCC=CS1; c) CB1C=CC=CC=C1; d) C1=CC=CC=CS1; e) N1=CSC=C1; f) N1=CNC=C1; g) NC1=NC=NC2=C1N=CN2.,multiple_choice,a;c;e;f;g,7
exam_3,10,13,skip,,,,3
exam_3,10,14,multimodal,Which molecule is mоге stable? Explain why in 1-2 sentences. O=C1C=CC=CC=C1 or O=C1C=CC=C1,text,"O=C1C=CC=CC=C1 is more stable, because it has stable aromatic resonance structure – [O-][C+]1C=CC=CC=C1.O=C1C=CC=C1 has unstable anti-aromatic resonance structure – [O-][C+]1C=CC=C1.",4
exam_3,11,15,multimodal,The compound: C1=C\C=C\C=C/C=C\C=C/1 is not aromatic. Explain why not.,text,Even though the molecule is cyclic and has 4n+2 of pi-electrons it is non-planar because of steric hindrance.,5
4,2,1,multimodal,"а. Which compound is more susceptible to electrophilic aromatic substitution? NC1=CC=CC=C1 or [NH3+]C1=CC=CC=C1. b. Which carbonyl compound is more susceptible to nucleophilic attack? O=C1CCCCC1 or CCCCCC=O. c. What is the purpose of the FеВг3, catalyst in an electrophilic aromatic substitution halogenation? 1) It serves аs а radical initiator, 2) It destabilizes the carbocation intermediate, 3) It acts аб а Lewis acid to activate Br2.",single_choice,NC1=CC=CC=C1; CCCCCC=O; 3; ,10
4,2,1.1,multimodal," a.Rank in order of reactivity for electrophilic aromatic substitution (1= most reactive) C1=CC=CC=C1 {box_1}, ClC1=CC=CC=C1 {box_2}, O=C(NC)C1=CC=CC=C1 {box_3}, CC(NC1=CC=CC=C1)=O {box_4}. b. Rank in order of acidity (1= most acidic). OC1=CC=CC=C1 {box_5}, OC1=CC=CC=C1 {box_6}, OC1=CC([N+]([O-])=O)=CC=C1 {box_7}, OC1=CC=C(N)C=C1 {box_8}. ",ordering,"{box_1}=2, {box_2}=3, {box_3}=4, {box_4}=1; {box_5}=3, {box_6}=1, {box_7}=2, {box_8}=4",
4,3,2,multimodal,"Determine the structure of the MAJOR product of е following reactions in SMILES format. If there is no reaction, write “NR"". a) CC(C1=CC(C(C)(C)C)=CC=C1)(C)C + HNO3, H2OS4 = {box_1}, b) C1=CC=CC=C1 + CC(C)CCl, AlCl3 = {box_2}, c) ClC1=C([N+]([O-])=O)C=C([N+]([O-])=O)C=C1 + C1CCCCN1 = {box_3}, d) O=C1OCCCC1 + LiAlH4 = {box_4}.",structure,{box_1}= CC(C1=CC(C(C)(C)C)=C([N+]([O-])=O)C=C1)(C)C; {box_2}= CC(C1=CC=CC=C1)(C)C; {box_3}= O=[N+](C1=C(N2CCCCC2)C=CC([N+]([O-])=O)=C1)[O-]; {box_4}= OCCCCCO.,12
4,4,3,multimodal,"Determine the structure of the MAJOR product of the following reactions in SMILES format. If there is no reaction, write “NR”"". a) OCCCCC=O + H+ = {box_1}, b) OCCCCC=O + C[CH-][P+](C1=CC=CC=C1)(C2=CC=CC=C2)C3=CC=CC=C3 = {box_2}, c) O=C1CCCCC1 + OC1CCCCC1 + H+ = {box_3}, d) NC1=CC=C(CC2=CC=CC=C2)C=C1 + Br2, FeBr3 = {box_4}, e) CCC(O)(C)CC + PCC = {box_5}.",structure,{box_1}= OC1OCCCC1; {box_2}= CC12C(CCCC2)/C(CCC1)=C\C; {box_3}= O=[C1(CCCCC1)OC2(OC3CCCCC3)CCCCC2; {box_4}= NC1=CC=C(CC2=CC=CC=C2)C=C1Br; {box_5}= NR.,15
4,5,4,multimodal,"Provide the necessay reagents for thе following transformations. Моrе than one step may be required. a) O=C1CCCC1 + {box_1} = CCNC1CCCC1, b) C1=CC=CC=C1 + {box_2} = OC(CC)C1=CC=CC=C1, c) CCCCO + {box_3} = CCCC(O)=O, d) OCC1CCCCC1 + {box_4} = O=CC1CCCCC1.",full_synthesis,"{box_1}= 1) CCN, 2) NaBH4; {box_2}= 1) CCC(Cl)=O, AlCl3, 2) LiAlH4; {box_3}= Na2Cr2O7, H2SO4; {box_4}= PCC.",12
4,6,5,multimodal,"The equilibrium constant of hydration of acetone is 2 х 10 which translates into a small percent conversion to the following hydrate. CC(C)=O + H2O = CC(C)(O)O, Keq = 2E-3. Would you expect the equilibrium constant for hexafluoroacetone to be smaller or larger than that for acetone? Keq > 2E-3 or Keq < 2E-3.",single_choice,Keq > 2E-3,4
4,6,6,skip,,,,0
4,7,7,skip,,,,0
4,8,8,multimodal,"Determine а synthesis of е following product from е given starting materials (additional reagents will be necessary). Each step in your synthesis must be clearly described in SMILES format, but
no mechanism is required. Starting materials: O=C1CCCCC1, CCCBr. Product: CC/C=C1CCCCC\1",full_synthesis,CCCBr + P(C1=CC=CC=C1)(C2=CC=CC=C2)C3=CC=CC=C3 = CCC[P+](C1=CC=CC=C1)(C2=CC=CC=C2)C3=CC=CC=C3.[Br-]; CCC[P+](C1=CC=CC=C1)(C2=CC=CC=C2)C3=CC=CC=C3.[Br-] + CCCC[Li] = CC[CH-][P+](C1=CC=CC=C1)(C2=CC=CC=C2)C3=CC=CC=C3; CC[CH-][P+](C1=CC=CC=C1)(C2=CC=CC=C2)C3=CC=CC=C3 + O=C1CCCCC1 = CC/C=C1CCCCC\1.,10
4,9,9,multimodal,"Provide а synthesis of the following product from е given starting materials (additional reagents will be necessary). Each step in your synthesis must be clearly shown, but
no mechanism is required. Starting materials: C#C, CC(C)CCBr, O=C1CCCC1. Product: OC1(CCCCC(C)C)CCCC1.",full_synthesis,"C#C + NaNH2 = C#C[Na]; C#C[Na] + CC(C)CCBr = CC(C)CCC#C; CC(C)CCC#C + NaNH2 = CC(C)CCC#C[Na]; CC(C)CCC#C[Na] + O=C1CCCC1 = CC(C)CCC#CC1(O)CCCC1; CC(C)CCC#CC1(O)CCCC1 + H2, Pd/C = OC1(CCCCC(C)C)CCCC1.",10
4,10,10,multimodal,"Determine a synthesis of the following product from the given starting materials (additional reagents will be necessary). Each step in your synthesis must be clearly described in SMILES format, but no mechanism is required. Starting materials: OCCO, CCCO, O=C1CC(C=O)CCC1. Product: OC1(CCC)CC(C(O)=O)CCC1.",full_synthesis,"O=C1CC(C=O)CCC1 + OCCO, H+ = O=C1CC(C2OCCO2)CCC1; CCCO + PBr3 = CCCBr; CCCBr + Mg, THF = CCC[Mg]Br; CCC[Mg]Br + O=C1CC(C2OCCO2)CCC1 = OC1(CCC)CC(C2OCCO2)CCC1; OC1(CCC)CC(C2OCCO2)CCC1 + H2O, H+ = OC1(CCC)CC(C=O)CCC1; OC1(CCC)CC(C=O)CCC1 + Na2Cr2O7 + H2SO4 = OC1(CCC)CC(C(O)=O)CCC1.",10
4,11,11,text,"Furan is readily acetylated with acetic anhydride and а Lewis acid such аs BF;. Predict the major regioisomer produced in this reaction and justify your reasoning with
resonance structures.",text,"CC(C1=CC=CO1)=O; This isomer is favorable because it has 3 resonance structures: CC(C1[CH+]C=CO1)=O, CC(C1=[O+]C=CC1)=O, CC(C1C=CC=[O+]1)=O. The other isomer has only two: CC(C1C=CO[CH+]1)=O and CC(C1C=C[O+]=C1)=O.",2
exam_5,4,6,text,"Propose hypothetical reaction coordinate diagrams for: (a) An endergonic, two-step reaction with the first step being the rate-determining step. (b) A reaction with three transition states and ΔG > 0. (c) A three-step reaction where K > 1, and the third step is faster than the first step, which is faster than the second step. (d) A one-step reaction where the conversion to reactants is faster than conversion to products. Is ΔG positive or negative?",reaction_description,"(a) Energy is plotted on the vertical axis, reaction progress on the horizontal axis. The graph starts with a plateau (reactant), passes over a first barrier, and falls into a valley (intermediate), which is higher in energy than the starting plateau. Then, a transition occurs over a second barrier to a final plateau (product). The product plateau is higher in energy than the reactant plateau, but lower than the intermediate valley. The energy of the first barrier is higher than the energy of the second barrier.; (b) Energy is plotted on the vertical axis, reaction progress on the horizontal axis. The graph starts with a plateau (reactant), passes over a first barrier, and falls into a valley (intermediate), which is higher in energy than the starting plateau. Then it crosses a second barrier, which is the highest peak, and falls into a second valley (intermediate), which is higher in energy than the first intermediate valley. Finally, it passes over a third barrier, which is higher in energy than first barrier, but lower in energy than second barrier, and drops to a final plateau (product), which is higher in energy than the starting reactant plateau, but lower than the first intermediate valley.; (c) Energy is plotted on the vertical axis, reaction progress on the horizontal axis. The graph starts with a plateau (reactant), passes over a first barrier, and falls into a valley (intermediate). Energy of first intermediate is higher, than the reactant energy. Then it rises to a second barrier, which is the highest point on the graph, and falls into a second valley, which is lower in energy than first valley, but higher in energy than the reactant plateau. Then, a transition occurs over a third barrier, which is the lowest of the three, to a final plateau (product). The product plateau is lower in energy than the starting reactant plateau. The third barrier is lower in energy than first intermediate.; (d) Energy is plotted on the vertical axis, reaction progress on the horizontal axis. The graph starts with a plateau (reactant), rises steeply over a single barrier, and drops slightly to a final plateau (product). The product plateau is higher in energy than the starting reactant plateau. ΔG is positive",1
exam_5,7,9,text,"Provide the mechanisms and products for the following reactions. Provide distinct structures for all intermediates. First reaction is C=CCCCCN + Br2, second reaction is C=C(C)C(C)c1ccccc1 + HBr.",reaction_description,"The first reaction presents the intramolecular cyclization of an amino-alkene in the presence of bromine. The mechanism initiates with the formation of a bromonium ion, where a curved arrow originates from the alkene double bond and points to a bromine atom in the diatomic bromine molecule, while a second arrow indicates the breakage of the Br-Br bond. This results in a three-membered cyclic bromonium intermediate. Next, the nitrogen atom of the amine group acts as an internal nucleophile; an arrow goes from the nitrogen lone pair to a carbon atom of the bromonium ring to create a six-membered ring, while another arrow points from the C-Br bond to the bromine atom to open the three-membered ring. This yields a positively charged ammonium intermediate. In the final step, a bromide ion deprotonates the nitrogen, indicated by an arrow moving from the bromide ion to the hydrogen atom attached to the nitrogen, followed by an arrow going from the N-H bond to the nitrogen atom to neutralize the charge, resulting in the final piperidine product. The second reaction is the addition of HBr to an alkene involving a carbocation rearrangement. The process begins with the protonation of the alkene, where an arrow originates from the double bond and points to the hydrogen atom of the HBr molecule, and another arrow points from the H-Br bond to the bromine atom to release a bromide ion. This generates an initial secondary carbocation. A rearrangement then occurs via a 1,2-hydride shift, indicated by a small arrow starting at the adjacent benzylic C-H bond and pointing to the positively charged carbon. This shift creates a more stable benzylic carbocation, which is stabilized by resonance. Finally, the reaction concludes with the nucleophilic attack of the bromide ion, where an arrow extends from the bromide lone pair to the positively charged benzylic carbon, forming the final rearranged alkyl bromide product.",1
exam_5,8,10,text,Provide a detailed mechanism for the following transformation. Propose all the reagents used. Ignore stereochemistry. Reactant is CCCC1=CCCC1. Product is CCCC1CCCC1Br,reaction_description,"Reagents are HBr and ROOR.  The mechanism is divided into Initiation and propagation sections. In the initiation a peroxide molecule ROOR undergoes thermal homolytic cleavage to yield two alkoxy radicals. In the second step, an alkoxy radical reacts with hydrogen bromide where a single-headed curved arrow extends from the oxygen radical electron and meets a corresponding arrow from the HBr bond to form an alcohol, while a third single-headed arrow points from the H-Br bond to the bromine atom to generate a bromine radical. In the propagation phase, the bromine radical adds to 1-propylcyclopentene where a single-headed arrow originates from the double bond and meets a single-headed arrow from the bromine radical to form a CBr bond at the secondary carbon, while another single-headed arrow moves from the double bond to the tertiary carbon creating a tertiary radical intermediate. In the second step, this intermediate abstracts a hydrogen from HBr shown by a single-headed arrow from the carbon radical electron meeting a single-headed arrow from the HBr bond to form a CH bond, and a final single-headed arrow points from the HBr bond to the bromine atom to yield the final alkyl bromide product and regenerate a bromine radical.",1
exam_5,2,1,text,The degree of unsaturation for the molecule C8H11COCl is: a) 1 b) 2 c) 3 d) 4,single_choice,c,1
exam_5,2,2,multimodal,"Assign E/Z nomenclature to the following alkenes: CC(C)/C(CBr)=C(COC)/C(CCO)C {box_1}, CCC/C(C1CCCC1)=C(CO)/C(C)=O {box_2}.",property_determination,E; Z,1
exam_5,2,3,multimodal,"Select the alkene that has the lowest energy: 1) CC/C=C(C)/C(C)C, 2) CCCC(C(C)C)=C, 3) CCC/C(C)=C(C)/C, 4) C=CCC(C)C(C)C.",single_choice,3,1
exam_5,3,4,multimodal,"Rank the following carbocations according to stability (1 = most stable, 5 = least stable). CC(C)C[C+](C)C {box_1}, C/C(OC)=C/[C+](C)C {box_2}, CC(C)CC(C)[CH2+] {box_3}, C/C(C)=C/[C+](C)C {box_4}, CC(C)[CH+]C(C)C {box_5}.",ordering,"{box_1}=3, {box_2}=1; {box_3}=5; {box_4}=2; {box_5}=4",1
exam_5,3,5,multimodal,"Name the following molecules: CC(C)C[C@@H](Br)C, C/C=C/C=C/CC(C)(C)C#CC.",text,"(S)-2-bromo-4-methylpentane; (2E,4E)-7,7-dimethyldeca-2,4-dien-8-yne",1
exam_5,"5, 6",7,multimodal,"Provide products for each reaction (include all stereoisomers). Indicate К the products are achiral/optically inactive (A), racemic/optically inactive (R), meso/optically inactive (M), or chiral/optically active (C). a) CC1=CCCC1 + 1) BH3, THF; 2) H2O2, NaOH = {box_1} {iso_box_1}. b) [C@H]12CC[C@@H](C2)C=C1 + CHCl3 + KOH = {box_2} {iso_box_2}. c) CC1(C)[C@H]2C[C@@H]1CC=C2C + 1) CH3COOOH; 2) H+, H2O = {box_3} {iso_box_3}. d) CC1=C[C@@H](CC)[C@@H](C(C)(C)C)CC1 + 1) Hg(OAc)2 + H2O; 2) NaBH4 = {box_4} {iso_box_4}. e) C/C=C/C + 1) OsO4; 2) NaHSO3, H2O = {box_6} (iso_box_6}.",structure,"{box_1}= C[C@@]1(O)[C@H](O)CCC1 + C[C@]1(O)[C@@H](O)CCC1; {iso_box_1)= R; {box_2}= ClC1(Cl)[C@H]2[C@@H]1[C@@H]3CC[C@H]2C3, {iso_box_2)= M; {box_3}= C[C@]1(O)[C@@H](C2(C)C)C[C@@H]2C[C@@H]1O; {iso_box_3)= C; {box_4}= C[C@]1(O)C[C@@H](CC)[C@@H](C(C)(C)C)CC1; {iso_box_4)= C; {box_6}= C[C@H](O)[C@H](C)O + C[C@@H](O)[C@@H](C)O; {iso_box_6)= R.",1
exam_5,6,8,multimodal,"Provide alkene or alkyne reactants апа reagents for the following reactions. The number of carbon atoms in the reactant should equal the number of carbon atoms in the product. a) {box_1} + {r_box_1} = C[C@H]1[C@H](C2CCCC2)C1, b) {box_2} + {r_box_2} = O=CCC1CCCCC1, c) {box_3} + {r_box_3} = CC(C1CCCCC1)=O, d) {box_4} + {r_box_4} = C/C=C\CC.",full_synthesis,"{box_1}= C/C=C/C1CCCC1; {r_box_1}= CH2I2, Zn(Cu); {box_2}= C#CC1CCCCC1; {r_box_2}= 1) BR3, THF, 2) NaOH, H2O2; {box_3}= C#CC1CCCCC1; {r_box_3}= HgSO4, H2SO4, H2O; {box_4}= CC#CCC; {r_box_4}= H2, Lindlar's catalyst.",1
exam_6,2,2,multimodal,"Triphenylphosphine can be used in a two-step process to convert E alkenes to Z alkenes or vice-versa. In this example, the E starting material is first converted to the epoxide, which is then treated with Ph3P. Propose a likely mechanism, using stereochemically correct structures, for the phosphine-mediated part of the process. In the {box_1}, provide the structure of a reagent for converting the alkene to the epoxide.",reaction_description,"{box_1}:= O=C(OO)c1cccc(Cl)c1. (E)-1-phenylprop-1-ene undergoes epoxidation with meta-chloroperoxybenzoic acid to yield trans-2-methyl-3-phenyloxirane. Triphenylphosphine nucleophilically attacks the epoxide carbon, triggering C-O bond cleavage and generating a zwitterionic betaine intermediate containing a phosphonium cation and an alkoxide anion. Following rotation around the central carbon-carbon bond, the alkoxide attacks the phosphorus center to form a four-membered oxaphosphetane ring. A subsequent concerted syn-cycloreversion eliminates triphenylphosphine oxide and produces (Z)-1-phenylprop-1-ene.",6
exam_6,3,3,multimodal,"Predict the principal products expected (if any) for the following reactions in SMILES format: (a) CCC(=O)c1ccccc1 + PhMgBr/ether; then [H3O+] = {box_1}; (b) CC(C)(C)[C@]1(C)CCC(=O)CC1 + C1CCNC1 + [H+] (cat.) = {box_2}; (c) 2Oc1ccccc1 + CC(C)=O + [H+] (cat.) = {box_3}; (c) CC(=O)C12CCCCC1CCCC2 + NaBH4/CH3OH, then [H3O+] = {box_4}; (d) BrCc2cccc3c1cccc(CBr)c1c23 + 2PPh3; then 2PhLi; then CC(=O)C(C)=O = {box_5}.",structure,{box_1}:= CCC(O)(c1ccccc1)c2ccccc2; {box_2}:= CC(C)(C)[C@H]2CC=C(N1CCCC1)CC2; {box_3}:= C[C@](C)(c1ccc(O)cc1)c2ccc(O)cc2; {box_4}:= OCC12CCCCC1CCCC2; {box_5}:= Cc1cc3cccc4c2cccc(cc1C)c2c34,10
,1,2,multimodal,"Treating multistriatin with dilute aqueous acid leads to the formation of a product, C10H20O3, which shows a strong infrared peak near 1715 cm-1, a 13C resonance at 200 ppm, and a significant electron-impact MS fragment at 86 m/z. Write down a sterechemically correct representation of the product and use additional structures, if necessary, to explain the origin of the spectroscopic data. C[C@@H]1C[C@H](C)[C@H](CO2)O[C@]21CC + H+, H2O = CCC([C@H](C)C[C@H](C)[C@@H](O)CO)=O",text,IR peak at 1715 cm-1 and 13C NMR signal at 200 ppm indicate a carbonyl group in the product. The MS data can be explained by a McLafferty Rearrangement: CCC([C@H](C)C[C@H](C)[C@@H](O)CO)=[O+] with m/z=188 turns into CCC([C]C)=[OH+] with m/z=86 and CC([C@@H](O)CO)=C wich is not observed because it is neutral  ,6
,4,4,multimodal,"a) For the following complex, classify each of the ligands, and provide the oxidation state of the metal. What is the d-electron count of this complex? Cl[Pd]1(OC(C)=O)[P](C2=CC=CC=C2)(C3=CC=CC=C3)C4=[C@]([C@]5=C(C=CC=C6)C6=CC=C5[P](C7=CC=CC=C7)1C8=CC=CC=C8)C9=CC=CC=C9C=C4. b) Fill in the boxes in the following catalytic cycle. What is the name of this reaction? Starting material COC1=CC=C(N(C)C(/C(C)=C\CO[Si](C(C)C)(C(C)C)C(C)C)=O)C(I)=C1 by oxidative addition to Pd(PPh3)2 turns into {int_box_1}, wich by ligand exchange (–PPh3) and ligand insertion turns into COC1=CC=C(NC([C@]2([C@@H](CO[Si](C(C)C)(C(C)C)C(C)C)[Pd]([P](C3=CC=CC=C3)(C4=CC=CC=C4)C5=CC=CC=C5)I)C)=O)C2=C1, which by {type_box_1} reaction type turns into product COC1=CC=C(NC([C@]2(/C=C/O[Si](C(C)C)(C(C)C)C(C)C)C)=O)C2=C1 and intermediate {int_box_2}. {int_box_2}  by ligand exchange (+PPh3) and reductive elimination of HI turns into Pd(PPh3)2.",text,"a) Each PPh2-fragment is L-type ligand, OAc and Cl are X-type ligands. Oxidation state of the palladium is +2, d-electron count of the complex is d8. b) the rection shown is Heck reaction. {int_box_1}=COC1=CC=C(N(C)C(/C(C)=C\CO[Si](C(C)C)(C(C)C)C(C)C)=O)C([Pd]([P](C2=CC=CC=C2)(C3=CC=CC=C3)C4=CC=CC=C4)([P](C5=CC=CC=C5)(C6=CC=CC=C6)C7=CC=CC=C7)I)=C1; {type_box_1}=β−elimination; {int_box_2}=[H][Pd](I)[P](C1=CC=CC=C1)(C2=CC=CC=C2)C3=CC=CC=C3.",12
exam_7,2,1,skip,,,,
exam_7,2,2,multimodal,Provide a synthesis of the following compound from the indicated starting material and any other reagents. Starting material is COc1ccc(C)cc1. Product is COc1ccc(C(=O)N(C)C)cc1. ,full_synthesis,COc1ccc(C)cc1 + KMnO4 = COc1ccc(C(=O)O)cc1; COc1ccc(C(=O)O)cc1 + SOCl2 = COc1ccc(C(=O)Cl)cc1; COc1ccc(C(=O)Cl)cc1 + NH2CH3 = COc1ccc(C(=O)N(C)C)cc1,4
exam_7,3,3,multimodal,"Predict the principal products expected (if any) for the following reaction sequences. a) O=C(NC)C1=CC=CC=C1 + CH3COOH, 25 °C, 10 h = {box_1}; b) OC(C1CCCCC1)=O + 1) SOCl2, 85 °C, 2) LiHAl(OtBu)3 (1 eqivalent), 3) H2O = {box_2}; c) CC(C)=O + OC1=CC=CC=C1 (2 equivalents) + H+ (cat.) = {box_3}; d) CCCC(C)C(O[2H])=O + CH2N2, Et2O = {box_4}; e) O=C1O[C@@H]2CC[C@H]1C2 + 1) NaH, EtOH, 2) H2O = {box_5}.",structure,{box_1)= no product; {box_2)= O=CC1CCCCC1; {box_3)= CC(C1=CC=C(O)C=C1)(C)C2=CC=C(O)C=C2; {box_4}= CCCC(C)C(OC[2H])=O; {box_5)= O[C@H]1C[C@@H](C(OCC)=O)CC1.,10
exam_7,4,4,skip,,,,
exam_7,5,5,multimodal,"a) Using structures and percentages, describe the sulfur-containing molecular species when ethane thiol (CH3CH2SH) is dissolved in a pH 10.8 buffer solution. pKa of EtSH is 10.6. b) Which of the compounds written  below fits the following spectral data? Select the correct structure. Mass Spec: m/z 88.05 IR: 1735 cm-1 1H NMR: 4.13 ppm (quartet, 2H), 2.21 (singlet, 3H), 0.86 (triplet, 3H). 1) CC(OCC)=O, 2) O=COCCC, 3) CCC(OC)=O",text,"a) sulfur-containing molecular species are EtSH and EtS-. Percentage of EtSH molecular species is 38.8%, Percentage of EtSH molecular species is 61.2%. b) Spectral data corresponds to the first structure.",5
exam_8,4,5,multimodal,"The antidepressant drug tranylcypromine is a primary amine with the amino group on a cyclopropane ring. Propose how you would convert an enantiomer of 2-phenylcyclopropanecarboxylic acid (which is made from trans-cinnamic acid) to tranylcypromine. (Hint: If someone is asking you to rearrange your atoms, it is best to be courteous.). What reaction would you use to effect the first transformation written below? Trans-cinnamic acid is O=C(O)/C=C/c1ccccc1, 2-phenylcyclopropanecarboxylic acid is [H][C@]1(C(=O)O)C[C@@H]1c2ccccc2, tranylcypromine is [H][C@]1(N)C[C@@H]1c2ccccc2.",full_synthesis,"Simmons-Smith reaction. [H][C@]1(C(=O)O)C[C@@H]1c2ccccc2 + SOCl2 = [H][C@]1(C(=O)Cl)C[C@@H]1c2ccccc2, [H][C@]1(C(=O)Cl)C[C@@H]1c2ccccc2 + NaN3 = [H][C@]1(C(=O)N=N#N)C[C@]1([H])c2ccccc2, [H][C@]1(C(=O)N=N#N)C[C@]1([H])c2ccccc2 + heat, then H2O = [H][C@]1(N)C[C@@H]1c2ccccc2; [H][C@]1(C(=O)O)C[C@@H]1c2ccccc2 + SOCl2 = [H][C@]1(C(=O)Cl)C[C@@H]1c2ccccc2,  [H][C@]1(C(=O)Cl)C[C@@H]1c2ccccc2 + NH3, then Br2 + NaOH + H2O = [H][C@]1(N)C[C@@H]1c2ccccc2.",6
exam_8,4,6,multimodal,"Alizarin yellow R is an azo dye that changes color from yellow to red between pH 10.2 and 12.2. Provide a synthesis of alizarin yellow R from aniline, salicylic acid (o-hydroxybenzoic acid), and any other reagents. Aniline is Nc1ccccc1, salycilic acid is O=C(O)c1ccccc1O, alizarin yellow R is O=C(O)c2cc(N=Nc1ccc(N(=O)=O)cc1)ccc2O. ",full_synthesis,Nc1ccccc1 + CC(=O)Cl + pyridine = CC(=O)Nc1ccccc1; CC(=O)Nc1ccccc1 + HNO3 + H2SO4 = CC(=O)Nc1ccc(N(=O)=O)cc1; CC(=O)Nc1ccc(N(=O)=O)cc1 + NaOH + H2O = Nc1ccc(N(=O)=O)cc1; Nc1ccc(N(=O)=O)cc1 + NaNO2 + HCl = [N#[N+]c1ccc(N(=O)=O)cc1].[Cl-]; [N#[N+]c1ccc(N(=O)=O)cc1].[Cl-] + O=C(O)c1ccccc1O = O=C(O)c2cc(N=Nc1ccc(N(=O)=O)cc1)ccc2O.,6
,2,1,multimodal,"Richard Willstatter (1915 Chemistry Nobel Laureate) treated diamine A with excess methyl iodide, and then with excess Ag2O and heat, whereupon a hydrocarbon B, C8H8, distilled from the reaction mixture. Compound B rapidly reacted with excess Br2 under mild conditions. Treatment of compound C in the same way gave a hydrocarbon D, C6H6, which did not react with excess Br2. Identify compounds B, D, and E and in a sentence or two explain the different reactivity of B and D towards Br2 (Willstatter concluded from these experiments that compound D could not be an alkene). What is the name of the reaction that converts A into B and C into D? compound A CN(C)C1C/C=C\C(N(C)C)C/C=C\1 + 1) MeI (excess), 2) Ag2O, Δ = compound B {box_1}. compound B + Br2 (excess) = BrC1C(Br)C(Br)C(Br)C(Br)C(Br)C(Br)C1Br. compound C CN(C)C1C=CC(N(C)C)CC1 + 1) MeI (excess), 2) Ag2O, Δ = compound D {box_2}. compound D + Br2 (excess) = no reaction.",text,{box_1}=C1=C\C=C/C=C\C=C/1; {box_2}=c1ccccc1; Compound D (benzene) is very stable because it is aromatic and therefore does not react with Br2. Compound B is not aromatic and consequently is less stable and more prone to reacting with Br2. The reaction in question is Hofmann reaction,7
,2,2,text,Outline a sequence of reactions that would bring about the conversion of aniline into benzylamine.,full_synthesis,"NC1=CC=CC=C1 + 1) NaNO2, HCl, 2) CuCN = N#CC1=CC=CC=C1; N#CC1=CC=CC=C1 + H2, Pd = NCC1=CC=CC=C1.",4
,3,3,multimodal,"Arrange the amines within each set in order of increasing basicity in aqueous solution, least basic first. Indicate your answers by placing the compound numbers in the boxes for each series. a) 1) NCCC(OC)=O, 2) CC(N)CC, 3) [NH3+]CCN. b) 1) NCC1=CC=CC=C1, 2) NCC1=CC=C([N+]([O-])=O)C=C1, 3) NC1CCCCC1, 4) NC1=CC=CC=C1.",ordering,"a) 3;2;1, b) 4;2;1;3",7
,3,4,multimodal,"You are asked to use an extractive procedure to separate p-methoxyacetanilide (1) from p-methoxyaniline (2). Devise a dichloromethane-aqueous protocol by selecting the appropriate aqueous solution (A, B, C, or D) and then identify the location of compounds 1 and 2 in the biphasic system within the separatory funnel. Select one of these aqueous solutions: A - 5% NaOH pH 14, B - 5% HCl pH -0.8, C - 5% NaHCO3 pH 8.0, D - 25% NaCl pH 7.2. Upper layer is solution {sol_box} with compound {com_box_1}. Lower layer is CH2Cl2 with compound {com_box_2}. Once you have separated 1 from 2, how would you retrieve the compound in the aqueous layer?",text,"{sol_box}=B; {com_box_1}=2; {com_box_2}=1; To retrieve the compound in the aqueous layer you slould treat the aqueous layer with base, then extract with organic solvent and collect the organic layer.",3
exam_9,2,1,multimodal,"The Wohl degradation, written below, can be used to convert an aldose into another aldose with one fewer carbon. Provide the structure of the missing compounds as well as the curved-arrow mechanisms for the conversion of {box_2} to C and C to arabinose. [H][C@](O)(C=O)[C@@]([H])(O)[C@]([H])(O)[C@]([H])(O)CO + NH2OH = {box_1} (compound A), {box_1} + Ac2O (excess) = {box_2} (compound B), {box_2} + NaOAc = [H][C@@](C#N)(OC(C)=O)[C@@]([H])(OC(C)=O)[C@]([H])(OC(C)=O)[C@@]([H])(COC(C)=O)OC(C)=O (compound C), [H][C@@](C#N)(OC(C)=O)[C@@]([H])(OC(C)=O)[C@]([H])(OC(C)=O)[C@@]([H])(COC(C)=O)OC(C)=O + NaOCH3 + CH3OH = [H][C@@](O)(CO)[C@@]([H])(O)[C@]([H])(O)C(C)=O (arabinose).",structure and reaction_description,"{box_1}:= [H][C@](O)(/C=N\O)[C@@]([H])(O)[C@]([H])(O)[C@]([H])(O)CO, {box_2}:= [H][C@@](/C=N\OC(C)=O)(OC(C)=O)[C@@]([H])(OC(C)=O)[C@]([H])(OC(C)=O)[C@@]([H])(COC(C)=O)OC(C)=O. Mechanism for conversion of B to C: the transformation of the peracetylated oxime into the nitrile is initiated by the acetate anion, which acts as a base to abstract the proton from the imine carbon. The electron pair from the broken carbon-hydrogen bond moves to establish a carbon-nitrogen triple bond, facilitating the simultaneous heterolytic cleavage of the nitrogen-oxygen bond and the expulsion of the acetoxy leaving group. Mechanism for conversion of C to arabinose: the degradation process begins with the nucleophilic attack of a methoxide anion on the carbonyl carbon of the C2-acetoxy group. This addition forms a tetrahedral intermediate which collapses to expel methyl acetate, generating a C2-alkoxide anion. The negative charge on the oxygen atom then drives the formation of a new carbonyl double bond, triggering the cleavage of the C1–C2 sigma bond and the expulsion of the cyanide anion to yield the chain-shortened aldehyde.
",8
exam_9,3,3,skip,,,,
,2,2,multimodal,"Consider the structure of raffinose, a trisaccharide found in sugar beets, beans, cabbage, and other plants. Classify raffinose as a reducing or nonreducing sugar, and use abbreviated structures to support your claim. C([C@@H]1[C@@H]([C@@H]([C@H]([C@H](O1)OC[C@@H]2[C@H]([C@@H]([C@H]([C@H](O2)O[C@]3([C@H]([C@@H]([C@H](O3)CO)O)O)CO)O)O)O)O)O)O)O. Name one of the constituent monosaccharides found within raffinose.",text,"Raffinose is a non-reducing sugar, which is evidenced by its lack of hemiacetal carbons. One of the constituent monosaccharides: D-glucose, D-galactose, or D-fructose",3
,3,4,multimodal,Classify the following aldose as D or L. O=C[C@@]([H])([C@@]([H])(O)[C@@](O)([H])[C@@](C)([H])O)O.,single_choise,L,2
,4,5,multimodal,"(+)-Trehalose, C12H22O11, is a non-reducing sugar found in young mushrooms and is the energy source for certain flying insects. It gives only D-glucose when hydrolyzed by aqueous acid or by α-glucosidase. It is inert to β-glucosidase. Methylation with excess methyl iodide gives an octa-O-methyl derivative that, upon hydrolysis, yields only 2,3,4,6-tetra-O-methyl-D-glucose. Explain the exerimental data with annotated chemical structures. What is the structure of (+)-trehalose? (+)-trehalose + HCl = O=C[C@@H]([C@H]([C@@H]([C@@H](CO)O)O)O)O, (+)-trehalose + 1) MeI (excess), 2) HCl = O=C[C@@H]([C@H]([C@@H]([C@@H](COC)O)OC)OC)OC",text,"The chemical formula C12H22O11 suggests that (+)-trehalose is a disaccharide. The observed inertness to β-glucosidase and classification as a non-reducing sugar indicate that the glycosidic bond is an α−1,1-linkage. Since acid-mediated hydrolysis produces only D-glucose, (+)-trehalose is likely composed of two D-glucose constituent monosaccharides: OC[C@@H]1[C@@H](O)[C@H](O)[C@@H](O)[C@H](O1)O[C@@H]2[C@H](O)[C@@H](O)[C@H](O)[C@H](O2)CO",6
,4,6,text,"An aldopentose, O, is oxidized to a diacid, P, which is optically active. Compound O is also Ruff-degraded to an aldotetrose, Q, which undergoes oxidation to an optically inactive diacid, R. Assuming that O has the D-configuration, what are the structures of O, P, Q, and R? Represent your answers in each box by using Fischer projections displayed in the standard carbohydrate orientation. {box_O}, {box_P}, {box_Q}, {box_R}. List the reagent(s) necessary to effect Ruff degradation of compound O to compound Q.",structure and reaction_description,"{box_O}= O=C[C@@]([H])(O)[C@@](O)([H])[C@@](O)([H])CO; {box_P}= O=C(O)[C@@]([H])(O)C(O)([H])[C@@](O)([H])C(O)=O;{box_Q}= O=C[C@@](O)([H])[C@@](O)([H])CO; {box_R}= O=C(O)[C@@](O)([H])[C@@](O)([H])C(O)=O; 1) Br2, H2O (can also include Ca(OH)2 or CaCO3) 2) H2O2, Fe2(SO4)3 or H2O2, Fe(OAc3).",6
exam_10,2,1a,multimodal,"Predict the principal products or intermediates expected (if any) for the following reaction sequences. COC(=O)[C@@H]1CC[C@@H](OC(C)=O) + 1) LiAlH4, THF 2) H3O+ (work-up)  = {box_a}",structure,{box_a}:= OC[C@@H]1CC[C@@H](O)CC1,6
exam_10,2,1b,multimodal,"Predict the principal products or intermediates expected (if any) for the following reaction sequences.  CC1=CCC2C(C(C)C)CCC1(C)C2C3OCCO3 + 1) OsO4, Py 2) H5IO6, HOAc =   {box_b} + NaOH, EtOH, heat = CC1=C(C=O)C2C(C(C)C)CCC1(C)C2C3OCCO3",structure,{box_b}:= CC(=O)C1(C)CCC(C(C)C)C(CC=O)C1C2OCCO2,6
exam_10,2,1c,multimodal,"Predict the principal products or intermediates expected (if any) for the following reaction sequences. O=C1OC2CCC1C2 + 1) NaH, EtOH 2) H2O (work-up) = {box_c}",structure,{box_c}:= CCOC(=O)[C@H]1CC[C@@H](O)C1,6
exam_10,3,1d,multimodal,"Predict the principal products or intermediates expected (if any) for the following reaction sequences.  C[C@@H]1C=C[C@H](C)C1 + Brc1ccccc1 + Pd(PPh3)4, Et3N, DMF, 120°C = {box_1}. Bonus: Provide the following for Pd in the catalyst for this reaction. d^n count: {box_2}, oxidation state: {box_3}; valence electron count: {box_4}.",structure,{box_1}:= CC2=CC(c1ccccc1)[C@@H](C)C2; {box_2}:= 10; {box_3}:= 0; {box_4}:= 18,9
exam_10,3,1e,multimodal,"Predict the principal products or intermediates expected (if any) for the following reaction sequences. CC(=O)OC/C=C(C)/CCC=O + 1) Ph3P=CHCl  2) NaOMe, MeOH = {box_1}",structure,{box_1}:= C/C(=C\CO)CC/C=C\Cl,6
exam_10,3,1f,multimodal,"Predict the principal products or intermediates expected (if any) for the following reaction sequences.  COc2cccc1CC(=O)CCc12 + C=CC(=O)CC+ NaOH, EtOH, heat ={box_1}. Bonus: What is the name of this reaction? {box_2}",structure,{box_1}:= COc1cccc3c1CCC2=C(C)C(=O)CCC23; {box_2}:= Robinson Annulation,7
exam_10,4,2,text,"Propose a synthesis of 2-propylcyclopentanone from adipic acid, using any other reagents containing 3 carbons or fewer. Provide the structures of key intermediates. Mechanisms are not required.",full_synthesis,"OC(CCCCC(O)=O)=O + H2SO4, EtOH = O=C(OCC)CCCCC(OCC)=O; O=C(OCC)CCCCC(OCC)=O + 1) NaOEt (1 equivalent), 2) AcOH = O=C1C(C(OCC)=O)CCC1; O=C1C(C(OCC)=O)CCC1 + NaOEt, CCCBr = O=C1C(C(OCC)=O)(CCC)CCC1; O=C1C(C(OCC)=O)(CCC)CCC1 + KOH = O=C1C(C(O)=O)(CCC)CCC1; O=C1C(C(O)=O)(CCC)CCC1 + heat = O=C1C(CCC)CCC1.",15
exam_10,4,3,multimodal,"Describe two methods for preparing a methyl ketone from the corresponding carboxylic acid. In {box_1} and (box_2} provide the structure(s) of reagent(s) used for your proposed transformations . In the {box_ox}, provide the structure of a reagent for the oxidation of the alcohol to the carboxylic acid. [R]CO + {box_ox} = [R]C(O)=O; method 1: [R]C(O)=O + {box_1} = [R]C(C)=O; method 2: [R]C(O)=O + {box_2} = [R]C(C)=O.",reaction_description,"{box_ox}=O=[Mn](=O)(O[K])=O or O=[Cr](O[Cr](=O)(O[K])=O)(O[K])=O or O=[Cr](O)(O)=O; {box_1}= 1) SOCl2, 2) CNOC, 3) C[Mg]Br; {box_2}= 1) CH3Li (2 equivalent), 2) H2O.",11
exam_10,5,4,skip,,,,
exam_10,5,5,text,"Compound A has the molecular formula C6H10O3 and shows a strong IR absorption peak near 1710 cm-1. When treated with I2 in aqueous sodium hydroxide, A gives a yellow precipitate. When A is treated with Tollen's reagent (Ag+),
no reaction occurs. However, if A is treated first with water containing a drop of sulfuric acid a new compound is isolated and is found to have a 1H NMR spectrum which includes a downfield triplet at 9.5 ppm. Compound A shows the following 1H NMR spectrum: singlet (2.13 ppm, 3H), doublet (2.75 ppm, 2H), multiplet (3.95 ppm, 2H), multiplet (4.05 ppm, 2H), triplet (5.12 ppm, 1H). 13C signals for A: 205.1, 108.4, 64.4 (2C), 48.2, 30.1 ppm. Deduce the structure of A, and write annotated reactions to explain the outcome of each chemical test. Calculate the degree of unsaturation for A.",text,"According to spectral data and chemical properties, the structure of A is CC(CC1OCCO1)=O. Iodoform test is positive: CC(CC1OCCO1)=O + I2, NaOH = O=C(O[Na])CC1OCCO1 + CHI3 (yellow precipitate). Tollen's test is negative, because the is no aldehyde present for oxidation. The third reaction is acetal cleavage: CC(CC1OCCO1)=O + H+, H2O = CC(CC=O)=O. The degree of unsaturation equals 2.",17
exam_10,5,6,multimodal,"Rank the following functional groups in order of decreasing reactivity in addition-elimination reactions. 1) O=C(OC)[*], 2) O=C(NC)[*], 3) O=C(OC1=CC=CC=C1)[*].",ordering,3;1;2,4
exam_11,4,1b,skip,,,,
exam_11,7,5,multimodal,"Predict the structure of the intermediates or provide the missing reagents in the following synthesis. C=CCCCC(CCCC1(C)OCCO1)(CCCC2(C)OCCO2)NC + 1) 10% HCl 2) neutralization = {box_1}. {box_1} + 1) {box_2} 2) {box_3} =  C=CCCCC12CCC[C@](C)(C(C(C)=O)CC1)N2C. C=CCCCC12CCC[C@](C)(C(C(C)=O)CC1)N2C + CrO3 (NMe to NCHO) = {box_4}. {box_4} + 1) {box_5} 2) {box_6} = CC(=O)C1CCC2(CCCC=O)CCC[C@@]1(C)N2C=O. CC(=O)C1CCC2(CCCC=O)CCC[C@@]1(C)N2C=O + 2eq. OCCO, TsOH, heating = {box_7}. {box_7} + 3 N KOH, heating = {box_8}. {box_8} + 1) 10% HCL 2) neutralization = {box_9}. {box_9} + 1) TsOH, heating 2) neutralization = C[C@@]13CCCC24CCCC(CC(=O)C1CC2)N34 ",structure,{box_1}:= ; {box_2}:= TsOH; {box_3}:= neutralization; {box_4}:= C=CCCCC12CCC[C@](C)(C(C(C)=O)CC1)N2C=O; {box_5}:= OsO4; {box_6}:= NaIO4; {box_7}:= C[C@@]24CCCC(CCCC1OCCO1)(CCC2C3(C)OCCO3)N4C=O; {box_8}:= C[C@@]24CCCC(CCCC1OCCO1)(CCC2C3(C)OCCO3)N4; {box_9}:= CC(=O)C2CCC13CCC=CN1[C@]2(C)CCC3; ,15
exam_11,3,1a,multimodal,"Consider the reaction conditions and spectroscopic data and predict the structures of compounds A and B. CC(CCOC1OCCCC1)=O + C[P+](C1=CC=CC=C1)(C2=CC=CC=C2)C3=CC=CC=C3.[Br-] + NaH = Compound A + Compound B. Spectral data of compound A: IR: 3300, 3100, 2900, 1640 cm-1; MS: 100.09 (100%), 101.09 (6.5%) m/z; 13C NMR: 139, 115, 63, 34, 32, 26 ppm; 1H NMR: 1.52-1.57ppm (4 H, m), 2.13 ppm (2H, q, J=7 Hz), 3.46 ppm (2H, t, J=7 Hz), 4,14 (1H, wide s), 4.48-5.13 ppm (2H, m), 5,82 ppm (1H, m). Spectral data of compound B: IR: 3060, 2980, 1720, 1683, 1620 cm-1 MS: 70.04 (100%), 71.05 (4.4%) m/z 13C NMR: 198, 136, 128, 27 ppm 1H NMR: 2.29 ppm (3H, s), 5.91 ppm (1H, m), 6.21-6.30 ppm (2H, m). Structure of compound A: {box_A}, structure of compound B: {box_B}.",structure,{box_A}= OCCCCC=C; {box_B}= C=CC(C)=O. ,10
exam_11,5,2a,multimodal,Predict the principal products expected (if any) for the following reaction sequences. Provide accurate depictions of stereochemical outcomes. C/C(C)=C/CC[C@@H](C)C=O + C/C(C)=C/CC[C@@H](C)C=O + C/C(C)=C/CC[C@@H](C)C=O = {box_1}. ,structure,{box_1}=C/C(C)=C/CC[C@](C)(CC1)C=CC1=O + C/C(C)=C/CC[C@@](C)(CC1)C=CC1=O,6
exam_11,5,2b,multimodal,"Predict the principal products expected (if any) for the following reaction sequences. Provide accurate depictions of stereochemical outcomes. [H][C@@]1(C(C)C)[C@@H](C2=O)CC=C(C)[C@]2(C)CC1 + 1) COC=P(C1=CC=CC=C1)(C2=CC=CC=C2)C3=CC=CC=C3, 2) OCCO, H+ = {box_2}",structure,{box_2}= [H][C@@]1(C(C)C)[C@@H]([C@]2([H])C3OCCO3)CC=C(C)[C@]2(C)CC1,6
exam_11,5,2c,multimodal,"Predict the principal products expected (if any) for the following reaction sequences. Provide accurate depictions of stereochemical outcomes. C[C@@H](C1)[C@@H](OC)COC1O + CH3OH, H+ = {box_3}.",structure,{box_3}= C[C@@H](C1)[C@@H](OC)CO[C@@]1([H])OC,6
exam_11,5,2d,multimodal,"Predict the principal products expected (if any) for the following reaction sequences. Provide accurate depictions of stereochemical outcomes. C[C@](C(O)C[C@@H](C(C)=C)C1)(O)C1=O + 1) NaIO4, H2O, MeOH, 2) MeOH, H+, reflux = {box_4}",structure,{box_4}= COC(OC)C[C@@H](C(C)=C)CC(OC)=O,6
exam_11,5,2e,multimodal,"Predict the principal products expected (if any) for the following reaction sequences. Provide accurate depictions of stereochemical outcomes. O=C(OC(C)(C)C)N(CC=C)CC=C + 1) (PCy3)2Cl2Ru=CHPh (cat), CH2Cl2, 2) mCPBA, CH2Cl2, 3) Ph2Cu(CN)Li2, THF, – 20 °C, 4) TFA, CH2Cl2 = {box_5)",structure,{box_5}= O[C@@H]1[C@@H](C2=CC=CC=C2)CNC1,6
exam_11,6,4,skip,,,,9
exam_11,8,6,multimodal,"Crellinose is a reducing disaccharide which undergoes mutarotation. Hydrolysis by either aqueous acid or α-arabinosidases give L-arabinose and D-glucose. Oxidation of crellinose with bromine water followed by acid hydrolysis gives L-arabinose and D-gluconic acid. Methylation of the bromine-water oxidation product, followed by acid hydrolysis gives 2,3,4-tri-O-methyl-L-arabinose and 2,3,4,5-tetra-O-methyl-D-gluconic acid. Methylation and acid hydrolysis of rellinose gives 2,3,4-tri-O-methyl-L-arabinose and 2,3,4-tri-O-methyl-D-glucose. What is the structure of crellinose? Explain the experimental data.",text,"The observation that crellinose is a reducing sugar and undergoes mutarotation implies that there is a hemiacetal carbon present. Since the glycosidic bond is cleaved by α-arabinosidase, the linkage must be of α configuration. Oxidation of crellinose produces D-gluconic acid, which indicates that the hemiacetal carbon is located on the glucose component of the disaccharide. Since acid hydrolysis of the methylated oxidation product yields 2,3,4,5-tetra-O-methyl-D-gluconic acid, the glycosidic linkage must occur between the anomeric carbon of the arabinose component and the sixth carbon of the glucose component (since there is no methylation observed on the C6 alcohol). The glucose portion of the methylation and acid hydrolysis product of crellinose is 2,3,4-tri-O-methyl-D-glucose because the alcohol on C5 is tied up in the ring bonded to C1. Therefore, the structure of crellinose consists of a pyranose L-arabinose linked by α-1,6-linkage to a pyranose D-glucose, O[C@@H]1[C@H](O)[C@@H](O)[C@H](OC[C@@H]2[C@@H](O)[C@H](O)[C@@H](O)[C@@H](O)O2)OC1.",6
exam_11,8,7,multimodal,"The complete structure of JZ, a polypeptide with antibiotic properties, has been worked out as follows:
I) Analysis of the hydrolysis products gave equimolar amounts of Leu, Orn, Phe, Pro, Val. (Ornithine, Orn, is a rare amino
acid whose formula is shown.) N[C@@H](CCCN)C(O)=O
II) Measurement of the molecular weight gave an approximate value of 1250.
III) Sanger N-terminal residue analysis with 1-fluoro-2,4-dinitrobenzene gave only DNB-NHCH2CH2CH2CH(NH3+)CO2–.
IV) Partial hydrolysis of JZ gave the following di- and tri-peptides: Leu-Phe, Orn-Leu, Phe-Pro, Val-Orn, Phe-Pro-Val, Pro-Val-
Orn, Val-Orn-Leu.

Explain the results of the Sanger experiment (statement III) and determine the structure of JZ. Write the structure using three-
letter amino acid representation",text,The results of the Sanger experiment indicate that no N terminus is present in the polypeptide since the FDNB did not react with any free alpha-amino groups other than the one on the Orn side chain. The structure of JZ: cyclo-(Orn-Lue-Phe-Pro-Val-Orn-Leu-Phe-Pro-Val).,6
exam_11,9,8,multimodal,"Outline a synthesis of the following compound starting from benzene, toluene, or aniline. You have at your disposal any reagents containing four carbons or fewer. O=C(/C=C/C1=CC=C([N+]([O-])=O)C=C1)C2=CC=CC=C2",full_synthesis,"C1=CC=CC=C1CC1=CC=CC=C1 + HNO3 = CC1=CC=C([N+]([O-])=O)C=C1; CC1=CC=C([N+]([O-])=O)C=C1 + KMnO4 = O=C(O)C1=CC=C([N+]([O-])=O)C=C1; O=C(O)C1=CC=C([N+]([O-])=O)C=C1 + 1) SOCl2, 2) LiAlH(O-t-Bu)3 = O=CC1=CC=C([N+]([O-])=O)C=C1. C1=CC=CC=C1 + AcCl, FeCl3 = CC(C1=CC=CC=C1)=O; CC(C1=CC=CC=C1)=O + 1) LDA, 2) O=CC1=CC=C([N+]([O-])=O)C=C1, then heat = O=C(/C=C/C1=CC=C([N+]([O-])=O)C=C1)C2=CC=CC=C2.",8
exam_11,9,9,multimodal,Propose a synthesis of the following molecule from succinic acid. You have at your disposal any reagents containing four carbons or fewer. (Hint: A good synthetic route takes advantage of the symmetry present in the target molecule.) O=C(CC1(C)C(OCC=C)=O)C(C(OCC=C)=O)(C)CC1=O,full_synthesis,"OC(CCC(O)=O)=O + C=CCO (2 equivalents) + TsOH = O=C(CCC(OCC=C)=O)OCC=C; O=C(CCC(OCC=C)=O)OCC=C + 1) NaH (2 equivalents), C=CCO, 2) HCl, H2O = OC1=C(C(OCC=C)=O)CC(O)=C(C(OCC=C)=O)C1; OC1=C(C(OCC=C)=O)CC(O)=C(C(OCC=C)=O)C1 + MeI (2 equivalents), K2CO3 (2 equivalents) = O=C(CC1(C)C(OCC=C)=O)C(C(OCC=C)=O)(C)CC1=O.",8
,6,3,skip,,,,
